Date,Close,Open,High,Low,Vol.,Change %
01/02/2018,2695.81,2683.732695.89,2682.36,,0.83%
01/03/2018,2713.06,2697.85,2714.37,2697.77,,0.64%
01/04/2018,2723.99,2719.31,2729.29,2719.07,,0.40%
01/05/2018,2743.15,2731.33,2743.45,2727.92,0.70%
01/08/2018,2747.71,2742.67,2748.51,2737.60,,0.17%
01/09/2018,2751.29,2751.15,2759.142747.86,,0.13%
01/10/2018,2748.23,2745.55,2750.80,2736.06,,-0.11%
01/11/2018,2767.56,2752.97,2767.56,2752.78,,0.70%
01/12/2018,2786.24,2770.18,2787.85,2769.64,0.67%
01/16/2018,2776.42,2798.96,2807.542768.64,-0.35%
01/17/2018,2802.56,2784.99,2807.042778.38,,0.94%
01/18/2018,2798.03,2802.40,2805.832792.56,,-0.16%
01/19/2018,2810.30,2802.60,2810.332798.08,,0.44%
01/22/2018,2832.97,2809.16,2833.032808.12,0.81%
01/23/2018,2839.13,2835.05,2842.242830.59,,0.22%
01/24/2018,2837.54,2845.422852.97,2824.81,,-0.06%
01/25/2018,2839.25,2846.242848.56,2830.94,0.06%
01/26/2018,2872.87,2847.48,2872.87,2846.18,,1.18%
01/29/2018,2853.53,2867.232870.622851.48,,-0.67%
01/30/2018,2822.43,2832.742837.75,2818.27,,-1.09%
01/31/2018,2823.81,2832.41,2839.26,2813.04,0.05%
02/01/2018,2821.98,2816.45,2835.96,2812.70,,-0.06%
02/02/2018,2762.13,2808.922808.922759.97,,-2.12%
02/05/2018,2648.94,2741.06,2763.39,2638.17,,-4.10%
02/06/2018,2695.14,2614.78,2701.042593.07,,1.74%
02/07/2018,2681.66,2690.95,2727.67,2681.33,-0.50%
02/08/2018,2581.00,2685.01,2685.27,2580.56,,-3.75%
02/09/2018,2619.55,2601.78,2638.67,2532.69,,1.49%
02/12/2018,2656.00,2636.75,2672.61,2622.45,,1.39%
02/13/2018,2662.94,2646.27,2668.842637.08,,0.26%
02/14/2018,2698.63,2651.21,2702.10,2648.87,,1.34%
02/15/2018,2731.20,2713.46,2731.51,2689.82,1.21%
02/16/2018,2732.22,2727.142754.422725.11,,0.04%
02/20/2018,2716.26,2722.99,2737.60,2706.76,,-0.58%
02/21/2018,2701.33,2720.532747.75,2701.29,,-0.55%
02/22/2018,2703.96,2710.422731.26,2697.77,,0.10%
02/23/2018,2747.30,2715.80,2747.76,2713.74,1.60%
02/26/2018,2779.60,2757.37,2780.642753.78,,1.18%
02/27/2018,2744.28,2780.45,2789.15,2744.22,-1.27%
02/28/2018,2713.83,2753.78,2761.522713.54,-1.11%
03/01/2018,2677.67,2715.222730.89,2659.65,,-1.33%
03/02/2018,2691.25,2658.89,2696.25,2647.32,0.51%
03/05/2018,2720.94,2681.06,2728.09,2675.75,,1.10%
03/06/2018,2728.12,2730.18,2732.08,2711.26,,0.26%
03/07/2018,2726.80,2710.18,2730.60,2701.74,-0.05%
03/08/2018,2738.97,2732.75,2740.45,2722.65,,0.45%
03/09/2018,2786.57,2752.91,2786.57,2751.54,1.74%
03/12/2018,2783.02,2790.542796.98,2779.26,,-0.13%
03/13/2018,2765.31,2792.31,2801.90,2758.68,,-0.64%
03/14/2018,2749.48,2774.06,2777.11,2744.38,,-0.57%
03/15/2018,2747.33,2754.27,2763.032741.47,,-0.08%
03/16/2018,2752.01,2750.57,2761.85,2749.97,,0.17%
03/19/2018,2712.92,2741.38,2741.38,2694.59,,-1.42%
03/20/2018,2716.94,2715.05,2724.222710.05,,0.15%
03/21/2018,2711.93,2714.99,2739.142709.79,,-0.18%
03/22/2018,2643.69,2691.36,2695.68,2641.59,,-2.52%
03/23/2018,2588.26,2646.71,2657.67,2585.89,,-2.10%
03/26/2018,2658.55,2619.35,2661.36,2601.81,,2.72%
03/27/2018,2612.62,2667.57,2674.78,2596.12,-1.73%
03/28/2018,2605.00,2611.30,2632.65,2593.06,,-0.29%
03/29/2018,2640.87,2614.41,2659.07,2609.72,1.38%
04/02/2018,2581.88,2633.45,2638.30,2553.80,,-2.23%
04/03/2018,2614.45,2592.17,2619.142575.49,,1.26%
04/04/2018,2644.69,2584.042649.86,2573.61,,1.16%
04/05/2018,2662.84,2657.36,2672.08,2649.58,,0.69%
04/06/2018,2604.47,2645.822656.88,2586.27,,-2.19%
04/09/2018,2613.16,2617.18,2653.55,2610.79,,0.33%
04/10/2018,2656.87,2638.41,2665.45,2635.78,,1.67%
04/11/2018,2642.19,2643.89,2661.432639.25,,-0.55%
04/12/2018,2663.99,2653.832674.722653.83,0.83%
04/13/2018,2656.30,2676.90,2680.26,2645.05,,-0.29%
04/16/2018,2677.84,2670.10,2686.49,2665.16,,0.81%
04/17/2018,2706.39,2692.742713.342692.05,,1.07%
04/18/2018,2708.64,2710.11,2717.49,2703.63,0.08%
04/19/2018,2693.13,2701.16,2702.842681.90,,-0.57%
04/20/2018,2670.14,2692.56,2693.942660.61,,-0.85%
04/23/2018,2670.29,2675.40,2682.86,2657.99,,0.01%
04/24/2018,2634.56,2680.80,2683.55,2617.32,-1.34%
04/25/2018,2639.40,2634.922645.30,2612.67,,0.18%
04/26/2018,2666.94,2651.65,2676.48,2647.16,,1.04%
04/27/2018,2669.91,2675.47,2677.35,2659.01,,0.11%
04/30/2018,2648.05,2675.05,2682.922648.04,-0.82%
05/01/2018,2654.80,2643.642655.27,2625.41,,0.25%
05/02/2018,2635.67,2654.242660.87,2631.70,,-0.72%
05/03/2018,2629.73,2628.08,2637.142594.62,-0.23%
05/04/2018,2663.42,2621.45,2670.932615.32,1.28%
05/07/2018,2672.63,2669.36,2683.35,2664.70,,0.35%
05/08/2018,2671.92,2670.26,2676.342655.20,,-0.03%
05/09/2018,2697.79,2678.122701.27,2674.14,0.97%
05/10/2018,2723.07,2705.022726.11,2704.54,0.94%
05/11/2018,2727.72,2722.70,2732.86,2717.45,,0.17%
05/14/2018,2730.13,2733.37,2742.10,2725.47,,0.09%
05/15/2018,2711.45,2718.59,2718.59,2701.91,,-0.68%
05/16/2018,2722.46,2712.622727.76,2712.17,,0.41%
05/17/2018,2720.13,2719.71,2731.96,2711.36,,-0.09%
05/18/2018,2712.97,2717.35,2719.50,2709.18,,-0.26%
05/21/2018,2733.01,2725.95,2739.19,2725.70,,0.74%
05/22/2018,2724.44,2738.342742.242721.88,,-0.31%
05/23/2018,2733.29,2713.98,2733.332709.54,0.32%
05/24/2018,2727.76,2730.942731.97,2707.38,,-0.20%
05/25/2018,2721.33,2723.60,2727.36,2714.99,,-0.24%
05/29/2018,2689.86,2705.11,2710.67,2676.81,,-1.16%
05/30/2018,2724.01,2702.432729.342702.43,1.27%
05/31/2018,2705.27,2720.98,2722.50,2700.68,,-0.69%
06/01/2018,2734.62,2718.70,2736.932718.70,,1.08%
06/04/2018,2746.87,2741.67,2749.16,2740.54,0.45%
06/05/2018,2748.80,2748.46,2752.61,2739.51,,0.07%
06/06/2018,2772.35,2753.25,2772.39,2748.46,,0.86%
06/07/2018,2770.37,2774.842779.90,2760.16,,-0.07%
06/08/2018,2779.03,2765.842779.39,2763.59,,0.31%
06/11/2018,2782.00,2780.18,2790.21,2780.17,,0.11%
06/12/2018,2786.85,2785.60,2789.80,2778.78,,0.17%
06/13/2018,2775.63,2787.942791.47,2774.65,,-0.40%
06/14/2018,2782.49,2783.21,2789.06,2776.52,0.25%
06/15/2018,2779.66,2777.78,2782.81,2761.73,-0.10%
06/18/2018,2773.75,2765.79,2774.99,2757.12,-0.21%
06/19/2018,2762.59,2752.01,2765.05,2743.19,,-0.40%
06/20/2018,2767.32,2769.732774.86,2763.91,,0.17%
06/21/2018,2749.76,2769.28,2769.28,2744.39,,-0.63%
06/22/2018,2754.88,2760.79,2764.17,2752.68,,0.19%
06/25/2018,2717.07,2742.942742.942698.67,,-1.37%
06/26/2018,2723.06,2722.122732.91,2715.60,,0.22%
06/27/2018,2699.63,2728.45,2746.09,2699.38,,-0.86%
06/28/2018,2716.31,2698.69,2724.342691.99,,0.62%
06/29/2018,2718.37,2727.132743.26,2718.03,0.08%
07/02/2018,2726.71,2704.95,2727.26,2698.95,,0.31%
07/03/2018,2713.22,2733.27,2736.58,2711.16,,-0.49%
07/05/2018,2736.61,2724.19,2737.832716.02,0.86%
07/06/2018,2759.82,2737.68,2764.41,2733.52,0.85%
07/09/2018,2784.17,2768.51,2784.65,2768.51,,0.88%
07/10/2018,2793.84,2788.56,2795.58,2786.24,0.35%
07/11/2018,2774.02,2779.822785.91,2770.77,,-0.71%
07/12/2018,2798.29,2783.142799.222781.53,0.87%
07/13/2018,2801.31,2796.932804.532791.69,,0.11%
07/16/2018,2798.43,2801.432803.71,2793.39,,-0.10%
07/17/2018,2809.55,2789.342814.19,2789.24,0.40%
07/18/2018,2815.62,2811.35,2816.76,2805.89,,0.22%
07/19/2018,2804.49,2809.37,2812.05,2799.77,,-0.40%
07/20/2018,2801.83,2804.55,2809.70,2800.01,,-0.09%
07/23/2018,2806.98,2799.17,2808.61,2795.14,0.18%
07/24/2018,2820.40,2820.68,2829.99,2811.12,0.48%
07/25/2018,2846.07,2817.732848.032817.73,0.91%
07/26/2018,2837.44,2835.49,2845.57,2835.26,,-0.30%
07/27/2018,2818.82,2842.35,2843.17,2808.34,-0.66%
07/30/2018,2802.60,2819.00,2821.742798.11,,-0.58%
07/31/2018,2816.29,2809.732824.46,2808.06,,0.49%
08/01/2018,2813.36,2821.17,2825.832805.85,,-0.10%
08/02/2018,2827.22,2800.48,2829.91,2796.34,0.49%
08/03/2018,2840.35,2829.622840.38,2827.37,,0.46%
08/06/2018,2850.40,2840.29,2853.29,2835.98,,0.35%
08/07/2018,2858.45,2855.922863.432855.92,0.28%
08/08/2018,2857.70,2856.79,2862.442853.09,,-0.03%
08/09/2018,2853.58,2857.19,2862.48,2851.98,,-0.14%
08/10/2018,2833.28,2839.642842.20,2825.81,,-0.71%
08/13/2018,2821.93,2835.46,2843.40,2819.88,,-0.40%
08/14/2018,2839.96,2827.88,2843.11,2826.58,,0.64%
08/15/2018,2818.37,2827.95,2827.95,2802.49,,-0.76%
08/16/2018,2840.69,2831.442850.49,2831.44,0.79%
08/17/2018,2850.13,2838.322855.632833.73,0.33%
08/20/2018,2857.05,2853.932859.76,2850.62,0.24%
08/21/2018,2862.96,2861.51,2873.232861.32,0.21%
08/22/2018,2861.82,2860.99,2867.542856.05,,-0.04%
08/23/2018,2856.98,2860.29,2868.78,2854.03,-0.17%
08/24/2018,2874.69,2862.35,2876.16,2862.35,,0.62%
08/27/2018,2896.74,2884.69,2898.25,2884.69,,0.77%
08/28/2018,2897.52,2901.45,2903.77,2893.50,,0.03%
08/29/2018,2914.04,2900.622916.50,2898.40,,0.57%
08/30/2018,2901.13,2908.942912.46,2895.22,-0.44%
08/31/2018,2901.52,2898.37,2906.322891.73,0.01%
09/04/2018,2896.72,2896.96,2900.18,2885.13,-0.17%
09/05/2018,2888.60,2891.59,2894.21,2876.92,-0.28%
09/06/2018,2878.05,2888.642892.05,2867.29,,-0.37%
09/07/2018,2871.68,2868.26,2883.81,2864.12,-0.22%
09/10/2018,2877.13,2881.39,2886.932875.94,0.19%
09/11/2018,2887.89,2871.57,2892.522866.78,,0.37%
09/12/2018,2888.92,2888.29,2894.65,2879.20,,0.04%
09/13/2018,2904.18,2896.85,2906.76,2896.39,,0.53%
09/14/2018,2904.98,2906.38,2908.30,2895.77,,0.03%
09/17/2018,2888.80,2903.832904.65,2886.16,,-0.56%
09/18/2018,2904.31,2890.742911.17,2890.43,0.54%
09/19/2018,2907.95,2906.60,2912.36,2903.82,0.13%
09/20/2018,2930.75,2919.732934.80,2919.73,0.78%
09/21/2018,2929.67,2936.76,2940.91,2927.11,,-0.04%
09/24/2018,2919.37,2921.832923.79,2912.63,-0.35%
09/25/2018,2915.56,2921.75,2923.95,2913.70,,-0.13%
09/26/2018,2905.97,2916.98,2931.15,2903.28,,-0.33%
09/27/2018,2914.00,2911.65,2927.222909.27,,0.28%
09/28/2018,2913.98,2910.032920.532907.50,,0.00%
10/01/2018,2924.59,2926.29,2937.06,2917.91,,0.36%
10/02/2018,2923.43,2923.80,2931.422919.37,,-0.04%
10/03/2018,2925.51,2931.69,2939.86,2921.36,,0.07%
10/04/2018,2901.61,2919.35,2919.78,2883.92,-0.82%
10/05/2018,2885.57,2902.542909.642869.29,,-0.55%
10/08/2018,2884.43,2877.532889.45,2862.08,,-0.04%
10/09/2018,2880.34,2882.51,2894.832874.27,,-0.14%
10/10/2018,2785.68,2873.90,2874.022784.86,,-3.29%
10/11/2018,2728.37,2776.87,2795.142710.51,,-2.06%
10/12/2018,2767.13,2770.542775.77,2729.44,1.42%
10/15/2018,2750.79,2763.832775.99,2749.03,-0.59%
10/16/2018,2809.92,2767.05,2813.46,2766.91,,2.15%
10/17/2018,2809.21,2811.67,2816.942781.81,,-0.03%
10/18/2018,2768.78,2802.00,2806.042755.18,,-1.44%
10/19/2018,2767.78,2775.66,2797.77,2760.27,,-0.04%
10/22/2018,2755.88,2773.942778.942749.22,-0.43%
10/23/2018,2740.69,2721.032753.59,2691.43,-0.55%
10/24/2018,2656.10,2737.87,2742.59,2651.89,,-3.09%
10/25/2018,2705.57,2674.88,2722.70,2667.84,1.86%
10/26/2018,2658.69,2667.86,2692.38,2628.16,,-1.73%
10/29/2018,2641.25,2682.65,2706.85,2603.54,-0.66%
10/30/2018,2682.63,2640.68,2685.432635.34,1.57%
10/31/2018,2711.74,2705.60,2736.69,2705.60,,1.09%
11/01/2018,2740.37,2717.58,2741.67,2708.85,,1.06%
11/02/2018,2723.06,2745.45,2756.55,2700.44,-0.63%
11/05/2018,2738.31,2726.37,2744.27,2717.94,0.56%
11/06/2018,2755.45,2738.40,2756.822737.08,,0.63%
11/07/2018,2813.89,2774.132815.15,2774.13,2.12%
11/08/2018,2806.83,2806.38,2814.75,2794.99,,-0.25%
11/09/2018,2781.01,2794.10,2794.10,2764.24,-0.92%
11/12/2018,2726.22,2773.932775.99,2722.00,,-1.97%
11/13/2018,2722.18,2730.05,2754.60,2714.98,,-0.15%
11/14/2018,2701.58,2737.90,2746.80,2685.75,,-0.76%
11/15/2018,2730.20,2693.522735.38,2670.75,,1.06%
11/16/2018,2736.27,2718.542746.75,2712.16,,0.22%
11/19/2018,2690.73,2730.742733.16,2681.09,,-1.66%
11/20/2018,2641.89,2654.60,2669.442631.52,-1.82%
11/21/2018,2649.93,2657.742670.732649.82,0.30%
11/23/2018,2632.56,2633.36,2647.55,2631.09,,-0.66%
11/26/2018,2673.45,2649.97,2674.35,2649.97,,1.55%
11/27/2018,2682.17,2663.75,2682.532655.89,,0.33%
11/28/2018,2743.79,2691.45,2744.00,2684.38,,2.30%
11/29/2018,2737.76,2736.97,2753.75,2722.94,-0.22%
11/30/2018,2760.17,2737.76,2760.88,2732.76,,0.82%
12/03/2018,2790.37,2790.50,2800.18,2773.38,,1.09%
12/04/2018,2700.06,2782.432785.932697.18,,-3.24%
12/06/2018,2695.95,2663.51,2696.15,2621.53,-0.15%
12/07/2018,2633.08,2691.26,2708.542623.14,-2.33%
12/10/2018,2637.72,2630.86,2647.51,2583.23,0.18%
12/11/2018,2636.78,2664.442674.35,2621.30,,-0.04%
12/12/2018,2651.07,2658.232685.442650.26,,0.54%
12/13/2018,2650.54,2658.70,2670.19,2637.27,,-0.02%
12/14/2018,2599.95,2629.68,2635.07,2593.84,-1.91%
12/17/2018,2545.94,2590.75,2601.132530.54,-2.08%
12/18/2018,2546.16,2559.90,2573.99,2528.71,,0.01%
12/19/2018,2506.96,2547.05,2585.29,2488.96,,-1.54%
12/20/2018,2467.42,2496.77,2509.632441.18,,-1.58%
12/21/2018,2416.62,2465.38,2504.41,2408.55,,-2.06%
12/24/2018,2351.10,2400.56,2410.342351.10,,-2.71%
12/26/2018,2467.70,2363.122467.76,2346.58,,4.96%
12/27/2018,2488.83,2442.50,2489.10,2397.94,0.86%
12/28/2018,2485.74,2498.77,2520.27,2472.89,,-0.12%
12/31/2018,2506.85,2498.942509.242482.82,0.85%
01/02/2019,2510.03,2476.96,2519.49,2467.47,,0.13%
01/03/2019,2447.89,2491.922493.142443.96,,-2.48%
01/04/2019,2531.94,2474.332538.07,2474.33,3.43%
01/07/2019,2549.69,2535.61,2566.16,2524.56,,0.70%
01/08/2019,2574.41,2568.11,2579.822547.56,,0.97%
01/09/2019,2584.96,2580.00,2595.322568.89,,0.41%
01/10/2019,2596.64,2573.51,2597.822562.02,0.45%
01/11/2019,2596.26,2588.11,2596.27,2577.40,,-0.01%
01/14/2019,2582.61,2580.31,2589.322570.41,,-0.53%
01/15/2019,2610.30,2585.10,2613.08,2585.10,,1.07%
01/16/2019,2616.10,2614.75,2625.76,2612.68,,0.22%
01/17/2019,2635.96,2609.28,2645.06,2606.36,,0.76%
01/18/2019,2670.71,2651.27,2675.47,2647.58,,1.32%
01/22/2019,2632.90,2657.88,2657.88,2617.27,,-1.42%
01/23/2019,2638.70,2643.48,2653.19,2612.86,,0.22%
01/24/2019,2642.33,2638.842647.20,2627.01,,0.14%
01/25/2019,2664.76,2657.442672.38,2657.33,0.85%
01/28/2019,2643.85,2644.97,2644.97,2624.06,,-0.78%
01/29/2019,2640.00,2644.89,2650.932631.05,,-0.15%
01/30/2019,2681.05,2653.622690.442648.34,1.55%
01/31/2019,2704.10,2685.49,2708.95,2678.65,,0.86%
02/01/2019,2706.53,2702.322716.66,2696.88,,0.09%
02/04/2019,2724.87,2706.49,2724.99,2698.75,,0.68%
02/05/2019,2737.70,2728.342738.98,2724.03,0.47%
02/06/2019,2731.61,2735.05,2738.08,2724.15,,-0.22%
02/07/2019,2706.05,2717.532719.322687.26,,-0.94%
02/08/2019,2707.88,2692.36,2708.07,2681.83,0.07%
02/11/2019,2709.80,2712.40,2718.05,2703.79,,0.07%
02/12/2019,2744.73,2722.61,2748.19,2722.61,,1.29%
02/13/2019,2753.03,2750.30,2761.85,2748.63,0.30%
02/14/2019,2745.73,2743.50,2757.90,2731.23,-0.27%
02/15/2019,2775.60,2760.242775.66,2760.24,1.09%
02/19/2019,2779.76,2769.28,2787.332767.29,,0.15%
02/20/2019,2784.70,2779.05,2789.88,2774.06,,0.18%
02/21/2019,2774.88,2780.242781.58,2764.55,,-0.35%
02/22/2019,2792.67,2780.67,2794.20,2779.11,,0.64%
02/25/2019,2796.11,2804.35,2813.49,2794.99,,0.12%
02/26/2019,2793.90,2792.36,2803.122789.47,,-0.08%
02/27/2019,2792.38,2787.50,2795.76,2775.13,-0.05%
02/28/2019,2784.49,2788.11,2793.732782.51,,-0.28%
03/01/2019,2803.69,2798.222808.022787.38,,0.69%
03/04/2019,2792.81,2814.37,2816.88,2767.66,,-0.39%
03/05/2019,2789.65,2794.41,2796.442782.97,,-0.11%
03/06/2019,2771.45,2790.27,2790.27,2768.69,,-0.65%
03/07/2019,2748.93,2766.532767.25,2739.09,,-0.81%
03/08/2019,2743.07,2730.79,2744.132722.27,,-0.21%
03/11/2019,2783.30,2747.61,2784.00,2747.61,,1.47%
03/12/2019,2791.52,2787.342798.322786.73,0.30%
03/13/2019,2810.92,2799.78,2821.242799.78,,0.69%
03/14/2019,2808.48,2810.38,2815.00,2803.46,,-0.09%
03/15/2019,2822.48,2810.79,2830.732810.79,,0.50%
03/18/2019,2832.94,2822.61,2835.41,2821.99,,0.37%
03/19/2019,2832.57,2840.76,2852.422823.27,,-0.01%
03/20/2019,2824.23,2831.342843.542812.43,-0.29%
03/21/2019,2854.88,2819.722860.31,2817.38,,1.09%
03/22/2019,2800.71,2844.522846.16,2800.47,,-1.90%
03/25/2019,2798.36,2796.01,2809.79,2785.02,-0.08%
03/26/2019,2818.46,2812.66,2829.87,2803.99,,0.72%
03/27/2019,2805.37,2819.722825.56,2787.72,-0.46%
03/28/2019,2815.44,2809.40,2819.71,2798.77,,0.36%
03/29/2019,2834.40,2828.27,2836.032819.23,0.67%
04/01/2019,2867.19,2848.632869.40,2848.63,1.16%
04/02/2019,2867.24,2868.242872.90,2858.75,,0.00%
04/03/2019,2873.40,2876.09,2885.25,2865.17,,0.21%
04/04/2019,2879.39,2873.99,2881.28,2867.14,0.21%
04/05/2019,2892.74,2884.16,2893.242882.99,,0.46%
04/08/2019,2895.77,2888.46,2895.95,2880.78,,0.10%
04/09/2019,2878.20,2886.58,2886.88,2873.33,-0.61%
04/10/2019,2888.21,2881.37,2889.71,2879.13,0.35%
04/11/2019,2888.32,2891.922893.422881.99,,0.00%
04/12/2019,2907.41,2900.86,2910.542898.37,,0.66%
04/15/2019,2905.58,2908.322909.60,2896.48,,-0.06%
04/16/2019,2907.06,2912.26,2916.06,2900.71,,0.05%
04/17/2019,2900.45,2916.042918.00,2895.45,,-0.23%
04/18/2019,2905.03,2904.81,2908.40,2891.90,,0.16%
04/22/2019,2907.97,2898.78,2909.51,2896.35,,0.10%
04/23/2019,2933.68,2909.99,2936.31,2908.53,0.88%
04/24/2019,2927.25,2934.00,2936.832926.05,,-0.22%
04/25/2019,2926.17,2928.99,2933.10,2912.84,-0.04%
04/26/2019,2939.88,2925.81,2939.88,2917.56,,0.47%
04/29/2019,2943.03,2940.58,2949.522939.35,,0.11%
04/30/2019,2945.83,2937.142948.222924.11,,0.10%
05/01/2019,2923.73,2952.332954.132923.36,,-0.75%
05/02/2019,2917.52,2922.16,2931.68,2900.50,,-0.21%
05/03/2019,2945.64,2929.21,2947.85,2929.21,,0.96%
05/06/2019,2932.47,2908.89,2937.322898.21,,-0.45%
05/07/2019,2884.05,2913.032913.032862.60,,-1.65%
05/08/2019,2879.42,2879.61,2897.96,2873.28,,-0.16%
05/09/2019,2870.72,2859.842875.97,2836.40,,-0.30%
05/10/2019,2881.40,2863.10,2891.31,2825.39,,0.37%
05/13/2019,2811.87,2840.19,2840.19,2801.43,-2.41%
05/14/2019,2834.41,2820.122852.542820.12,0.80%
05/15/2019,2850.96,2820.38,2858.68,2815.08,,0.58%
05/16/2019,2876.32,2855.80,2892.15,2855.80,,0.89%
05/17/2019,2859.53,2858.60,2885.48,2854.23,-0.58%
05/20/2019,2840.23,2841.942853.86,2831.29,,-0.67%
05/21/2019,2864.36,2854.022868.88,2854.02,0.85%
05/22/2019,2856.27,2856.06,2865.47,2851.11,,-0.28%
05/23/2019,2822.24,2836.70,2836.70,2805.49,,-1.19%
05/24/2019,2826.06,2832.41,2841.36,2820.19,,0.14%
05/28/2019,2802.39,2830.032840.51,2801.58,,-0.84%
05/29/2019,2783.02,2790.25,2792.032766.06,,-0.69%
05/30/2019,2788.86,2786.942799.00,2776.74,0.21%
05/31/2019,2752.06,2766.15,2768.98,2750.52,-1.32%
06/03/2019,2744.45,2751.532763.07,2728.81,,-0.28%
06/04/2019,2803.27,2762.642804.49,2762.64,2.14%
06/05/2019,2826.15,2818.09,2827.28,2800.92,0.82%
06/06/2019,2843.49,2828.51,2852.10,2822.45,,0.61%
06/07/2019,2873.34,2852.87,2884.97,2852.87,,1.05%
06/10/2019,2886.73,2885.832904.77,2885.51,,0.47%
06/11/2019,2885.72,2903.27,2910.61,2878.53,-0.03%
06/12/2019,2879.84,2882.732888.57,2874.68,,-0.20%
06/13/2019,2891.64,2886.242895.242881.99,,0.41%
06/14/2019,2886.98,2886.822894.45,2879.62,-0.16%
06/17/2019,2889.67,2889.75,2897.27,2887.30,,0.09%
06/18/2019,2917.75,2906.71,2930.79,2905.44,0.97%
06/19/2019,2926.46,2920.55,2931.742911.43,0.30%
06/20/2019,2954.18,2949.60,2958.06,2931.50,,0.95%
06/21/2019,2950.46,2952.71,2964.15,2946.87,,-0.13%
06/24/2019,2945.35,2951.422954.922944.05,,-0.17%
06/25/2019,2917.38,2945.78,2946.522916.01,,-0.95%
06/26/2019,2913.78,2926.07,2932.59,2912.99,,-0.12%
06/27/2019,2924.92,2919.66,2929.30,2918.57,,0.38%
06/28/2019,2941.76,2932.942943.98,2929.05,,0.58%
07/01/2019,2964.33,2971.41,2977.932952.22,0.77%
07/02/2019,2973.01,2964.66,2973.21,2955.92,0.29%
07/03/2019,2995.82,2978.08,2995.842977.96,,0.77%
07/05/2019,2990.41,2984.25,2994.032967.97,,-0.18%
07/08/2019,2975.95,2979.77,2980.76,2970.09,,-0.48%
07/09/2019,2979.63,2965.522981.90,2963.44,0.12%
07/10/2019,2993.07,2989.30,3002.98,2984.62,0.45%
07/11/2019,2999.91,2999.623002.332988.80,,0.23%
07/12/2019,3013.77,3003.36,3013.923001.87,,0.46%
07/15/2019,3014.30,3017.80,3017.80,3008.77,,0.02%
07/16/2019,3004.04,3012.133015.023001.15,,-0.34%
07/17/2019,2984.42,3005.10,3005.26,2984.25,,-0.65%
07/18/2019,2995.11,2978.87,2998.28,2973.09,,0.36%
07/19/2019,2976.61,3004.26,3006.022975.86,,-0.62%
07/22/2019,2985.03,2981.932990.71,2976.65,,0.28%
07/23/2019,3005.47,2994.743005.90,2988.56,,0.68%
07/24/2019,3019.56,2998.77,3019.59,2996.82,0.47%
07/25/2019,3003.67,3016.26,3016.31,2997.24,-0.53%
07/26/2019,3025.86,3013.25,3027.98,3012.59,,0.74%
07/29/2019,3020.97,3024.47,3025.61,3014.30,,-0.16%
07/30/2019,3013.18,3007.66,3017.19,3000.94,-0.26%
07/31/2019,2980.38,3016.223017.40,2958.08,,-1.09%
08/01/2019,2953.56,2980.323013.59,2945.23,-0.90%
08/02/2019,2932.05,2943.90,2945.50,2914.11,,-0.73%
08/05/2019,2844.74,2898.07,2898.07,2822.12,-2.98%
08/06/2019,2881.77,2861.18,2884.40,2847.42,1.30%
08/07/2019,2883.98,2858.65,2892.17,2825.71,,0.08%
08/08/2019,2938.09,2896.21,2938.722894.47,,1.88%
08/09/2019,2918.65,2930.51,2935.75,2900.15,,-0.66%
08/12/2019,2883.75,2907.07,2907.58,2873.14,-1.20%
08/13/2019,2926.32,2880.722943.31,2877.05,,1.48%
08/14/2019,2840.60,2894.15,2894.15,2839.64,-2.93%
08/15/2019,2847.60,2846.20,2856.67,2825.51,,0.25%
08/16/2019,2888.68,2864.742893.632864.74,1.44%
08/19/2019,2923.65,2913.48,2931.00,2913.48,,1.21%
08/20/2019,2900.51,2919.01,2923.632899.60,,-0.79%
08/21/2019,2924.43,2922.042928.732917.91,,0.82%
08/22/2019,2922.95,2930.942939.08,2904.51,,-0.05%
08/23/2019,2847.11,2911.07,2927.01,2834.97,,-2.59%
08/26/2019,2878.38,2866.70,2879.27,2856.00,,1.10%
08/27/2019,2869.16,2893.142898.79,2860.59,,-0.32%
08/28/2019,2887.94,2861.28,2890.032853.05,,0.65%
08/29/2019,2924.58,2910.37,2930.50,2905.67,,1.27%
08/30/2019,2926.46,2937.09,2940.432913.32,0.06%
09/03/2019,2906.27,2909.01,2914.39,2891.85,,-0.69%
09/04/2019,2937.78,2924.67,2938.842921.86,,1.08%
09/05/2019,2976.00,2960.60,2985.86,2960.60,,1.30%
09/06/2019,2978.71,2980.332985.032972.51,,0.09%
09/09/2019,2978.43,2988.432989.432969.39,,-0.01%
09/10/2019,2979.39,2971.01,2979.39,2957.01,,0.03%
09/11/2019,3000.93,2981.41,3000.932975.31,,0.72%
09/12/2019,3009.57,3009.08,3020.743000.92,0.29%
09/13/2019,3007.39,3012.21,3017.333002.90,,-0.07%
09/16/2019,2997.96,2996.41,3002.19,2990.67,,-0.31%
09/17/2019,3005.70,2995.67,3006.21,2993.73,0.26%
09/18/2019,3006.73,3001.50,3007.832978.57,,0.03%
09/19/2019,3006.79,3010.36,3021.99,3003.16,,0.00%
09/20/2019,2992.07,3008.423016.37,2984.68,,-0.49%
09/23/2019,2991.78,2983.50,2999.15,2982.23,-0.01%
09/24/2019,2966.60,3002.433007.98,2957.73,-0.84%
09/25/2019,2984.87,2968.35,2989.822952.86,,0.62%
09/26/2019,2977.62,2985.732987.28,2963.71,,-0.24%
09/27/2019,2961.79,2985.47,2987.31,2945.53,-0.53%
09/30/2019,2976.74,2967.07,2983.85,2967.07,,0.50%
10/01/2019,2940.25,2983.69,2992.532938.70,,-1.23%
10/02/2019,2887.61,2924.78,2924.78,2874.93,-1.79%
10/03/2019,2910.63,2885.38,2911.132855.94,0.80%
10/04/2019,2952.01,2918.56,2953.742918.56,,1.42%
10/07/2019,2938.79,2944.232959.75,2935.68,,-0.45%
10/08/2019,2893.06,2920.40,2925.47,2892.66,,-1.56%
10/09/2019,2919.40,2911.10,2929.322907.41,,0.91%
10/10/2019,2938.13,2918.55,2948.46,2917.12,0.64%
10/11/2019,2970.27,2963.07,2993.28,2963.07,,1.09%
10/14/2019,2966.15,2965.81,2972.842962.94,-0.14%
10/15/2019,2995.68,2973.61,3003.28,2973.61,,1.00%
10/16/2019,2989.69,2989.68,2997.542985.20,,-0.20%
10/17/2019,2997.95,3000.77,3008.29,2991.79,,0.28%
10/18/2019,2986.20,2996.843000.00,2976.31,,-0.39%
10/21/2019,3006.72,2996.48,3007.332995.35,,0.69%
10/22/2019,2995.99,3010.733014.57,2995.04,-0.36%
10/23/2019,3004.52,2994.01,3004.78,2991.21,,0.28%
10/24/2019,3010.29,3014.78,3016.07,3000.42,0.19%
10/25/2019,3022.55,3003.323027.39,3001.94,0.41%
10/28/2019,3039.42,3032.123044.08,3032.12,0.56%
10/29/2019,3036.89,3035.39,3047.87,3034.81,,-0.08%
10/30/2019,3046.77,3039.743050.10,3025.96,,0.33%
10/31/2019,3037.56,3046.90,3046.90,3023.19,,-0.30%
11/01/2019,3066.91,3050.723066.95,3050.72,0.97%
11/04/2019,3078.27,3078.96,3085.20,3074.87,,0.37%
11/05/2019,3074.62,3080.80,3083.95,3072.15,,-0.12%
11/06/2019,3076.78,3075.10,3078.343065.89,,0.07%
11/07/2019,3085.18,3087.023097.77,3080.23,0.27%
11/08/2019,3093.08,3081.25,3093.09,3073.58,,0.26%
11/11/2019,3087.01,3080.333088.333075.82,-0.20%
11/12/2019,3091.84,3089.28,3102.61,3084.73,0.16%
11/13/2019,3094.04,3084.18,3098.06,3078.80,,0.07%
11/14/2019,3096.63,3090.75,3098.20,3083.26,,0.08%
11/15/2019,3120.46,3107.923120.46,3104.60,,0.77%
11/18/2019,3122.03,3117.91,3124.17,3112.06,,0.05%
11/19/2019,3120.18,3127.45,3127.643113.47,,-0.06%
11/20/2019,3108.46,3114.66,3118.97,3091.41,,-0.38%
11/21/2019,3103.54,3108.49,3110.11,3094.55,,-0.16%
11/22/2019,3110.29,3111.41,3112.87,3099.26,,0.22%
11/25/2019,3133.64,3117.443133.833117.44,0.75%
11/26/2019,3140.52,3134.85,3142.69,3131.00,,0.22%
11/27/2019,3153.63,3145.49,3154.26,3143.41,,0.42%
11/29/2019,3140.98,3147.18,3150.30,3139.34,-0.40%
12/02/2019,3113.87,3143.85,3144.31,3110.78,,-0.86%
12/03/2019,3093.20,3087.41,3094.97,3070.33,-0.66%
12/04/2019,3112.76,3103.50,3119.38,3102.53,0.63%
12/05/2019,3117.43,3119.21,3119.45,3103.76,,0.15%
12/06/2019,3145.91,3134.623150.60,3134.62,0.91%
12/09/2019,3135.96,3141.86,3148.87,3135.46,,-0.32%
12/10/2019,3132.52,3135.36,3142.123126.09,,-0.11%
12/11/2019,3141.63,3135.75,3143.98,3133.21,,0.29%
12/12/2019,3168.57,3141.233176.28,3138.47,,0.86%
12/13/2019,3168.80,3166.65,3182.68,3156.51,,0.01%
12/16/2019,3191.45,3183.633197.71,3183.63,0.71%
12/17/2019,3192.52,3195.40,3198.223191.03,0.03%
12/18/2019,3191.14,3195.21,3198.48,3191.14,-0.04%
12/19/2019,3205.37,3192.323205.48,3192.32,0.45%
12/20/2019,3221.22,3223.333225.65,3216.03,0.49%
12/23/2019,3224.01,3226.05,3227.78,3222.30,,0.09%
12/24/2019,3223.38,3225.45,3226.433220.51,,-0.02%
12/26/2019,3239.91,3227.20,3240.08,3227.20,,0.51%
12/27/2019,3240.02,3247.233247.933234.37,,0.00%
12/30/2019,3221.29,3240.09,3240.923216.57,,-0.58%
12/31/2019,3230.78,3215.18,3231.723212.03,0.29%
01/02/2020,3257.85,3244.67,3258.143235.53,0.84%
01/03/2020,3234.85,3226.36,3246.15,3222.34,-0.71%
01/06/2020,3246.28,3217.55,3246.843214.64,0.35%
01/07/2020,3237.18,3241.86,3244.91,3232.43,-0.28%
01/08/2020,3253.05,3238.59,3267.07,3236.67,,0.49%
01/09/2020,3274.70,3266.033275.58,3263.67,,0.67%
01/10/2020,3265.35,3281.81,3282.99,3260.86,,-0.29%
01/13/2020,3288.13,3271.133288.133268.43,0.70%
01/14/2020,3283.15,3285.35,3294.25,3277.19,,-0.15%
01/15/2020,3289.29,3282.27,3298.66,3280.69,,0.19%
01/16/2020,3316.81,3302.97,3317.11,3302.82,0.84%
01/17/2020,3329.62,3323.66,3329.88,3318.86,,0.39%
01/21/2020,3320.79,3321.033329.79,3316.61,,-0.27%
01/22/2020,3321.75,3330.023337.77,3320.04,0.03%
01/23/2020,3325.54,3315.77,3326.88,3301.87,,0.11%
01/24/2020,3295.47,3333.10,3333.18,3281.53,-0.90%
01/27/2020,3243.63,3247.16,3258.85,3234.50,,-1.57%
01/28/2020,3276.24,3255.35,3285.78,3253.22,1.01%
01/29/2020,3273.40,3289.46,3293.47,3271.89,,-0.09%
01/30/2020,3283.66,3256.45,3285.91,3242.80,,0.31%
01/31/2020,3225.52,3282.333282.333214.68,,-1.77%
02/03/2020,3248.92,3235.66,3268.443235.66,,0.73%
02/04/2020,3297.59,3280.61,3306.923280.61,,1.50%
02/05/2020,3334.69,3324.91,3337.58,3313.75,,1.13%
02/06/2020,3345.78,3344.923347.96,3334.39,,0.33%
02/07/2020,3327.71,3335.543341.423322.12,-0.54%
02/10/2020,3352.09,3318.28,3352.26,3317.77,,0.73%
02/11/2020,3357.75,3365.87,3375.633352.72,0.17%
02/12/2020,3379.45,3370.50,3381.47,3369.72,0.65%
02/13/2020,3373.94,3365.90,3385.09,3360.52,-0.16%
02/14/2020,3380.16,3378.08,3380.69,3366.15,,0.18%
02/18/2020,3370.29,3369.043375.01,3355.61,,-0.29%
02/19/2020,3386.15,3380.39,3393.523378.83,0.47%
02/20/2020,3373.23,3380.45,3389.15,3341.02,-0.38%
02/21/2020,3337.75,3360.50,3360.76,3328.45,,-1.05%
02/24/2020,3225.89,3257.61,3259.81,3214.65,,-3.35%
02/25/2020,3128.21,3238.943246.99,3118.77,,-3.03%
02/26/2020,3116.39,3139.90,3182.51,3108.99,,-0.38%
02/27/2020,2978.76,3062.543097.07,2977.39,,-4.42%
02/28/2020,2954.22,2916.90,2959.722855.84,-0.82%
03/02/2020,3090.23,2974.28,3090.96,2945.19,,4.60%
03/03/2020,3003.37,3096.46,3136.722976.63,-2.81%
03/04/2020,3130.12,3045.75,3130.97,3034.38,,4.22%
03/05/2020,3023.94,3075.70,3083.042999.83,-3.39%
03/06/2020,2972.37,2954.20,2985.932901.54,-1.71%
03/09/2020,2746.56,2863.89,2863.89,2734.43,-7.60%
03/10/2020,2882.23,2813.48,2882.59,2734.00,,4.94%
03/11/2020,2741.38,2825.60,2825.60,2707.22,-4.89%
03/12/2020,2480.64,2630.86,2660.95,2478.86,,-9.51%
03/13/2020,2711.02,2569.99,2711.332492.37,,9.29%
03/16/2020,2386.13,2508.59,2562.98,2380.94,-11.98%
03/17/2020,2529.19,2425.66,2553.932367.04,6.00%
03/18/2020,2398.10,2436.50,2453.57,2280.52,-5.18%
03/19/2020,2409.39,2393.48,2466.97,2319.78,,0.47%
03/20/2020,2304.92,2431.942453.01,2295.56,,-4.34%
03/23/2020,2237.40,2290.71,2300.732191.86,,-2.93%
03/24/2020,2447.33,2344.442449.71,2344.44,9.38%
03/25/2020,2475.56,2457.77,2571.422407.53,1.15%
03/26/2020,2630.07,2501.29,2637.01,2500.72,6.24%
03/27/2020,2541.47,2555.87,2615.91,2520.02,-3.37%
03/30/2020,2626.65,2558.98,2631.80,2545.28,,3.35%
03/31/2020,2584.59,2614.69,2641.39,2571.15,,-1.60%
04/01/2020,2470.50,2498.08,2522.75,2447.49,,-4.41%
04/02/2020,2526.90,2458.542533.222455.79,,2.28%
04/03/2020,2488.65,2514.922538.18,2459.96,,-1.51%
04/06/2020,2663.68,2578.28,2676.85,2574.57,,7.03%
04/07/2020,2659.41,2738.65,2756.89,2657.67,,-0.16%
04/08/2020,2749.98,2685.00,2760.75,2663.30,,3.41%
04/09/2020,2789.82,2776.99,2818.57,2762.36,,1.45%
04/13/2020,2761.63,2782.46,2782.46,2721.17,,-1.01%
04/14/2020,2846.06,2805.10,2851.85,2805.10,,3.06%
04/15/2020,2783.36,2795.642801.88,2761.54,-2.20%
04/16/2020,2799.55,2799.342806.51,2764.32,0.58%
04/17/2020,2874.56,2842.432879.222830.88,,2.68%
04/20/2020,2823.16,2845.622868.98,2820.43,-1.79%
04/21/2020,2736.56,2784.81,2785.542727.10,,-3.07%
04/22/2020,2799.31,2787.89,2815.10,2775.95,,2.29%
04/23/2020,2797.80,2810.422844.90,2794.26,,-0.05%
04/24/2020,2836.74,2812.642842.71,2791.76,,1.39%
04/27/2020,2878.48,2854.65,2887.722852.89,,1.47%
04/28/2020,2863.39,2909.96,2921.15,2860.71,,-0.52%
04/29/2020,2939.51,2918.46,2954.86,2912.16,,2.66%
04/30/2020,2912.43,2930.91,2930.91,2892.47,,-0.92%
05/01/2020,2830.71,2869.09,2869.09,2821.61,,-2.81%
05/04/2020,2842.74,2815.01,2844.242797.85,,0.42%
05/05/2020,2868.44,2868.88,2898.232863.55,,0.90%
05/06/2020,2848.42,2883.142891.11,2847.65,,-0.70%
05/07/2020,2881.19,2878.26,2901.922876.48,,1.15%
05/08/2020,2929.80,2908.832932.16,2902.88,,1.69%
05/11/2020,2930.32,2915.46,2944.25,2903.44,0.02%
05/12/2020,2870.12,2939.50,2945.822869.59,,-2.05%
05/13/2020,2820.00,2865.86,2874.142793.15,,-1.75%
05/14/2020,2852.50,2794.542852.80,2766.64,1.15%
05/15/2020,2863.70,2829.95,2865.01,2816.78,,0.39%
05/18/2020,2953.91,2913.86,2968.09,2913.86,,3.15%
05/19/2020,2922.94,2948.59,2964.21,2922.35,,-1.05%
05/20/2020,2971.61,2953.632980.29,2953.63,1.67%
05/21/2020,2948.51,2969.95,2978.50,2938.57,,-0.78%
05/22/2020,2955.45,2948.05,2956.76,2933.59,,0.24%
05/26/2020,2991.77,3004.08,3021.722988.17,,1.23%
05/27/2020,3036.13,3015.65,3036.25,2969.75,,1.48%
05/28/2020,3029.73,3046.61,3068.67,3023.40,,-0.21%
05/29/2020,3044.31,3025.17,3049.17,2998.61,,0.48%
06/01/2020,3055.73,3038.78,3062.18,3031.54,0.38%
06/02/2020,3080.82,3064.78,3081.07,3051.64,0.82%
06/03/2020,3122.87,3098.90,3130.943098.90,,1.36%
06/04/2020,3112.35,3111.56,3128.91,3090.41,,-0.34%
06/05/2020,3193.93,3163.843211.723163.84,2.62%
06/08/2020,3232.39,3199.923233.133196.00,,1.20%
06/09/2020,3207.18,3213.323222.71,3193.11,,-0.78%
06/10/2020,3190.14,3213.423223.27,3181.49,,-0.53%
06/11/2020,3002.10,3123.533123.532999.49,,-5.89%
06/12/2020,3041.31,3071.043088.422984.47,,1.31%
06/15/2020,3066.59,2993.76,3079.76,2965.66,,0.83%
06/16/2020,3124.74,3131.00,3153.45,3076.06,,1.90%
06/17/2020,3113.49,3136.133141.16,3108.03,-0.36%
06/18/2020,3115.34,3101.643120.00,3093.51,,0.06%
06/19/2020,3097.74,3140.29,3155.533083.11,,-0.56%
06/22/2020,3117.86,3094.423120.923079.39,,0.65%
06/23/2020,3131.29,3138.70,3154.90,3127.12,0.43%
06/24/2020,3050.33,3114.40,3115.01,3032.13,-2.59%
06/25/2020,3083.76,3046.60,3086.25,3024.01,,1.10%
06/26/2020,3009.05,3073.20,3073.733004.63,-2.42%
06/29/2020,3053.24,3018.59,3053.89,2999.74,1.47%
06/30/2020,3100.29,3050.20,3111.51,3047.83,1.54%
07/01/2020,3115.86,3105.923128.443101.17,,0.50%
07/02/2020,3130.01,3143.643165.81,3124.52,0.45%
07/06/2020,3179.72,3155.29,3182.59,3155.29,,1.59%
07/07/2020,3145.32,3166.443184.15,3142.93,-1.08%
07/08/2020,3169.94,3153.07,3171.80,3136.53,0.78%
07/09/2020,3152.05,3176.17,3179.78,3115.70,,-0.56%
07/10/2020,3185.04,3152.47,3186.823136.22,1.05%
07/13/2020,3155.22,3205.08,3235.323149.43,-0.94%
07/14/2020,3197.52,3141.11,3200.95,3127.66,,1.34%
07/15/2020,3226.56,3225.98,3238.28,3200.76,,0.91%
07/16/2020,3215.57,3208.36,3220.39,3198.59,,-0.34%
07/17/2020,3224.73,3224.21,3233.523205.65,,0.28%
07/20/2020,3251.84,3224.29,3258.61,3215.16,,0.84%
07/21/2020,3257.30,3268.523277.29,3247.77,,0.17%
07/22/2020,3276.02,3254.86,3279.323253.10,,0.57%
07/23/2020,3235.66,3271.643279.99,3222.66,,-1.23%
07/24/2020,3215.63,3218.58,3227.26,3200.05,,-0.62%
07/27/2020,3239.41,3219.843241.433214.25,,0.74%
07/28/2020,3218.44,3234.27,3243.723216.17,,-0.65%
07/29/2020,3258.44,3227.223264.743227.22,1.24%
07/30/2020,3246.22,3231.76,3250.923204.13,-0.38%
07/31/2020,3271.12,3270.45,3272.17,3220.26,,0.77%
08/03/2020,3294.61,3288.26,3302.733284.53,0.72%
08/04/2020,3306.51,3289.923306.843286.37,,0.36%
08/05/2020,3327.77,3317.37,3330.77,3317.37,,0.64%
08/06/2020,3349.16,3323.17,3351.033318.14,0.64%
08/07/2020,3351.28,3340.05,3352.543328.72,0.06%
08/10/2020,3360.47,3356.043363.29,3335.44,0.27%
08/11/2020,3333.69,3370.343381.01,3326.44,-0.80%
08/12/2020,3380.35,3355.46,3387.89,3355.46,,1.40%
08/13/2020,3373.43,3372.95,3387.243363.35,,-0.20%
08/14/2020,3372.85,3368.66,3378.51,3361.64,-0.02%
08/17/2020,3381.99,3380.86,3387.59,3379.22,0.27%
08/18/2020,3389.78,3387.043395.06,3370.15,,0.23%
08/19/2020,3374.85,3392.51,3399.543369.66,,-0.44%
08/20/2020,3385.51,3360.48,3390.80,3354.69,,0.32%
08/21/2020,3397.16,3386.01,3399.96,3379.31,,0.34%
08/24/2020,3431.28,3418.09,3432.09,3413.13,1.00%
08/25/2020,3443.62,3435.95,3444.21,3425.84,0.36%
08/26/2020,3478.73,3449.97,3481.07,3444.15,,1.02%
08/27/2020,3484.55,3485.143501.38,3468.35,,0.17%
08/28/2020,3508.01,3494.69,3509.233484.32,0.67%
08/31/2020,3500.31,3509.733514.77,3493.25,,-0.22%
09/01/2020,3526.65,3507.443528.033494.60,,0.75%
09/02/2020,3580.84,3543.76,3588.11,3535.23,1.54%
09/03/2020,3455.06,3564.743564.85,3427.41,,-3.51%
09/04/2020,3426.96,3453.60,3479.15,3349.63,-0.81%
09/08/2020,3331.84,3371.88,3379.97,3329.27,,-2.78%
09/09/2020,3398.96,3369.823424.77,3366.84,2.01%
09/10/2020,3339.19,3412.56,3425.55,3329.25,,-1.76%
09/11/2020,3340.97,3352.70,3368.95,3310.47,,0.05%
09/14/2020,3383.54,3363.56,3402.933363.56,,1.27%
09/15/2020,3401.20,3407.733419.48,3389.25,,0.52%
09/16/2020,3385.49,3411.233428.923384.45,,-0.46%
09/17/2020,3357.01,3346.86,3375.17,3328.82,-0.84%
09/18/2020,3319.47,3357.38,3362.27,3292.40,,-1.12%
09/21/2020,3281.06,3285.57,3285.57,3229.10,,-1.16%
09/22/2020,3315.57,3295.75,3320.31,3270.95,,1.05%
09/23/2020,3236.92,3320.11,3323.35,3232.57,,-2.37%
09/24/2020,3246.59,3226.143278.70,3209.45,,0.30%
09/25/2020,3298.46,3236.66,3306.88,3228.44,1.60%
09/28/2020,3351.60,3333.90,3360.743332.91,,1.61%
09/29/2020,3335.47,3350.923357.923327.54,-0.48%
09/30/2020,3363.00,3341.21,3393.56,3340.47,,0.83%
10/01/2020,3380.80,3385.87,3397.18,3361.39,,0.53%
10/02/2020,3348.44,3338.943369.10,3323.69,,-0.96%
10/05/2020,3408.63,3367.27,3409.57,3367.27,,1.80%
10/06/2020,3360.95,3408.743431.56,3354.54,-1.40%
10/07/2020,3419.45,3384.56,3426.26,3384.56,,1.74%
10/08/2020,3446.83,3434.28,3447.28,3428.15,,0.80%
10/09/2020,3477.13,3459.67,3482.343458.07,,0.88%
10/12/2020,3534.22,3500.023549.85,3499.61,,1.64%
10/13/2020,3511.93,3534.01,3534.01,3500.86,,-0.63%
10/14/2020,3488.67,3515.47,3527.943480.55,,-0.66%
10/15/2020,3483.34,3453.723489.08,3440.89,,-0.15%
10/16/2020,3483.81,3493.50,3515.76,3480.45,,0.01%
10/19/2020,3426.92,3493.66,3502.423419.93,-1.63%
10/20/2020,3443.12,3439.38,3476.933435.65,,0.47%
10/21/2020,3435.56,3439.91,3464.86,3433.06,,-0.22%
10/22/2020,3453.49,3438.50,3460.533415.34,0.52%
10/23/2020,3465.39,3464.90,3466.46,3440.45,,0.34%
10/26/2020,3400.97,3441.423441.423364.86,,-1.86%
10/27/2020,3390.68,3403.15,3409.51,3388.71,,-0.30%
10/28/2020,3271.03,3342.48,3342.48,3268.89,,-3.53%
10/29/2020,3310.11,3277.17,3341.05,3259.82,1.19%
10/30/2020,3269.96,3293.59,3304.933233.94,-1.21%
11/02/2020,3310.24,3296.20,3330.143279.74,1.23%
11/03/2020,3369.16,3336.25,3389.49,3336.25,,1.78%
11/04/2020,3443.44,3406.46,3486.25,3405.17,,2.20%
11/05/2020,3510.45,3485.743529.05,3485.74,1.95%
11/06/2020,3509.44,3508.343521.58,3484.34,-0.03%
11/09/2020,3550.50,3583.043645.99,3547.48,,1.17%
11/10/2020,3545.53,3543.26,3557.223511.91,,-0.14%
11/11/2020,3572.66,3563.223581.16,3557.00,,0.77%
11/12/2020,3537.01,3562.67,3569.023518.58,,-1.00%
11/13/2020,3585.15,3552.57,3593.66,3552.57,,1.36%
11/16/2020,3626.91,3600.16,3628.51,3600.16,,1.16%
11/17/2020,3609.53,3610.31,3623.11,3588.68,,-0.48%
11/18/2020,3567.79,3612.09,3619.09,3567.33,-1.16%
11/19/2020,3581.87,3559.41,3585.223543.84,0.39%
11/20/2020,3557.54,3579.31,3581.233556.85,,-0.68%
11/23/2020,3577.59,3566.823589.81,3552.77,,0.56%
11/24/2020,3635.41,3594.523642.31,3594.52,1.62%
11/25/2020,3629.65,3635.50,3635.50,3617.76,,-0.16%
11/27/2020,3638.35,3638.55,3644.31,3629.33,0.24%
11/30/2020,3621.63,3634.18,3634.18,3594.39,,-0.46%
12/01/2020,3662.45,3645.87,3678.45,3645.87,,1.13%
12/02/2020,3669.01,3653.78,3670.96,3644.84,0.18%
12/03/2020,3666.72,3668.28,3682.733657.17,,-0.06%
12/04/2020,3699.12,3670.943699.20,3670.94,0.88%
12/07/2020,3691.96,3694.733697.41,3678.88,,-0.19%
12/08/2020,3702.25,3683.05,3708.45,3678.83,0.28%
12/09/2020,3672.82,3705.98,3712.39,3660.54,-0.79%
12/10/2020,3668.10,3659.133678.49,3645.18,,-0.13%
12/11/2020,3663.46,3656.08,3665.91,3633.40,,-0.13%
12/14/2020,3647.49,3675.27,3697.61,3645.84,-0.44%
12/15/2020,3694.62,3666.41,3695.29,3659.62,1.29%
12/16/2020,3701.17,3696.25,3711.27,3688.57,,0.18%
12/17/2020,3722.48,3713.65,3725.123710.87,,0.58%
12/18/2020,3709.41,3722.39,3726.70,3685.84,-0.35%
12/21/2020,3694.92,3684.28,3702.90,3636.48,,-0.39%
12/22/2020,3687.26,3698.08,3698.26,3676.16,,-0.21%
12/23/2020,3690.01,3693.423711.243689.28,,0.07%
12/24/2020,3703.06,3694.033703.823689.32,0.35%
12/28/2020,3735.36,3723.033740.51,3723.03,0.87%
12/29/2020,3727.04,3750.01,3756.123723.31,,-0.22%
12/30/2020,3732.04,3736.19,3744.633730.21,,0.13%
12/31/2020,3756.07,3733.27,3760.20,3726.88,,0.64%
01/04/2021,3700.65,3764.61,3769.99,3662.71,,-1.48%
01/05/2021,3726.86,3698.023737.833695.07,,0.71%
01/06/2021,3748.14,3712.20,3783.043705.34,0.57%
01/07/2021,3803.79,3764.71,3811.55,3764.71,,1.48%
01/08/2021,3824.68,3815.05,3826.69,3783.60,,0.55%
01/11/2021,3799.61,3803.143817.86,3789.02,-0.66%
01/12/2021,3801.19,3801.623810.78,3776.51,,0.04%
01/13/2021,3809.84,3802.233820.96,3791.50,,0.23%
01/14/2021,3795.54,3814.98,3823.60,3792.86,,-0.38%
01/15/2021,3768.25,3788.733788.733749.62,-0.72%
01/19/2021,3798.91,3781.88,3804.533780.37,,0.81%
01/20/2021,3851.85,3816.223859.75,3816.22,1.39%
01/21/2021,3853.07,3857.46,3861.45,3845.05,,0.03%
01/22/2021,3841.47,3844.243852.31,3830.41,,-0.30%
01/25/2021,3855.36,3851.68,3859.233797.16,,0.36%
01/26/2021,3849.62,3862.96,3870.90,3847.78,,-0.15%
01/27/2021,3750.77,3836.833836.833732.48,,-2.57%
01/28/2021,3787.38,3755.75,3830.50,3755.75,,0.98%
01/29/2021,3714.24,3778.05,3778.05,3694.12,-1.93%
02/01/2021,3773.86,3731.17,3784.323725.62,1.61%
02/02/2021,3826.31,3791.843843.09,3791.84,1.39%
02/03/2021,3830.17,3840.27,3847.51,3816.68,,0.10%
02/04/2021,3871.74,3836.66,3872.423836.66,,1.09%
02/05/2021,3886.83,3878.30,3894.56,3874.93,0.39%
02/08/2021,3915.59,3892.59,3915.77,3892.59,,0.74%
02/09/2021,3911.23,3910.49,3918.35,3902.64,-0.11%
02/10/2021,3909.88,3920.78,3931.50,3884.94,-0.03%
02/11/2021,3916.38,3916.40,3925.99,3890.39,,0.17%
02/12/2021,3934.83,3911.65,3937.233905.78,,0.47%
02/16/2021,3932.59,3939.61,3950.433923.85,,-0.06%
02/17/2021,3931.33,3918.50,3933.61,3900.43,-0.03%
02/18/2021,3913.97,3915.86,3921.98,3885.03,-0.44%
02/19/2021,3906.71,3921.16,3930.41,3903.07,,-0.19%
02/22/2021,3876.50,3885.55,3902.923874.71,,-0.77%
02/23/2021,3881.37,3857.07,3895.98,3805.59,,0.13%
02/24/2021,3925.43,3873.71,3928.65,3859.60,,1.14%
02/25/2021,3829.34,3915.80,3925.023814.04,-2.45%
02/26/2021,3811.15,3839.66,3861.08,3789.54,-0.48%
03/01/2021,3901.82,842.51,3914.50,3842.51,,2.38%
03/02/2021,3870.29,3903.643906.41,3868.57,,-0.81%
03/03/2021,3819.72,3863.99,3874.47,3818.86,,-1.31%
03/04/2021,3768.47,3818.533843.67,3723.34,-1.34%
03/05/2021,3841.94,3793.58,3851.69,3730.19,,1.95%
03/08/2021,3821.35,3844.39,3881.06,3819.25,,-0.54%
03/09/2021,3875.44,3851.933903.76,3851.93,1.42%
03/10/2021,3898.81,3891.99,3917.35,3885.73,0.60%
03/11/2021,3939.34,3915.543960.27,3915.54,1.04%
03/12/2021,3943.34,3924.523944.99,3915.21,,0.10%
03/15/2021,3968.94,3942.96,3970.08,3923.54,0.65%
03/16/2021,3962.71,3973.59,3981.043953.44,-0.16%
03/17/2021,3974.12,3949.57,3983.87,3935.74,0.29%
03/18/2021,3915.46,3953.50,3969.623910.86,,-1.48%
03/19/2021,3913.10,3913.143930.123886.75,,-0.06%
03/22/2021,3940.59,3916.48,3955.31,3914.16,,0.70%
03/23/2021,3910.52,3937.60,3949.133901.57,,-0.76%
03/24/2021,3889.14,3919.933942.08,3889.07,,-0.55%
03/25/2021,3909.52,3879.343919.543853.50,,0.52%
03/26/2021,3974.54,3917.123978.19,3917.12,1.66%
03/29/2021,3971.09,3969.31,3981.833943.25,,-0.09%
03/30/2021,3958.55,3963.343968.01,3944.35,,-0.32%
03/31/2021,3972.89,3967.25,3994.41,3966.98,,0.36%
04/01/2021,4019.87,3992.78,4020.633992.78,,1.18%
04/05/2021,4077.91,4034.444083.424034.44,1.44%
04/06/2021,4073.94,4075.57,4086.234068.14,-0.10%
04/07/2021,4079.95,4074.29,4083.134068.31,,0.15%
04/08/2021,4097.17,4089.95,4098.19,4082.54,0.42%
04/09/2021,4128.80,4096.11,4129.48,4095.51,,0.77%
04/12/2021,4127.99,4124.71,4131.76,4114.82,-0.02%
04/13/2021,4141.59,4130.10,4148.00,4124.43,0.33%
04/14/2021,4124.66,4141.58,4151.69,4120.87,,-0.41%
04/15/2021,4170.42,4139.76,4173.49,4139.76,,1.11%
04/16/2021,4185.47,4174.144191.31,4170.75,,0.36%
04/19/2021,4163.26,4179.80,4180.81,4150.47,,-0.53%
04/20/2021,4134.94,4159.18,4159.18,4118.38,,-0.68%
04/21/2021,4173.42,4128.424175.024126.35,,0.93%
04/22/2021,4134.98,4170.46,4179.57,4123.69,,-0.92%
04/23/2021,4180.17,4138.78,4194.17,4138.78,,1.09%
04/26/2021,4187.62,4185.034194.19,4182.36,,0.18%
04/27/2021,4186.72,4188.25,4193.35,4176.22,-0.02%
04/28/2021,4183.18,4185.144201.534181.78,,-0.08%
04/29/2021,4211.47,4206.144218.78,4176.81,,0.68%
04/30/2021,4181.17,4198.10,4198.10,4174.85,,-0.72%
05/03/2021,4192.66,4191.98,4209.39,4188.03,0.27%
05/04/2021,4164.66,4179.044179.044128.59,,-0.67%
05/05/2021,4167.59,4177.06,4187.724160.94,0.07%
05/06/2021,4201.62,4169.144202.70,4147.33,0.82%
05/07/2021,4232.60,4210.344238.044201.64,0.74%
05/10/2021,4188.43,4228.29,4236.39,4188.13,-1.04%
05/11/2021,4152.10,4150.344162.044111.53,-0.87%
05/12/2021,4063.04,4130.55,4134.734056.88,,-2.14%
05/13/2021,4112.50,4074.99,4131.58,4074.99,,1.22%
05/14/2021,4173.85,4129.58,4183.134129.58,,1.49%
05/17/2021,4163.29,4169.924171.924142.69,,-0.25%
05/18/2021,4127.83,4165.944169.15,4125.99,,-0.85%
05/19/2021,4115.68,4098.45,4116.934061.41,,-0.29%
05/20/2021,4159.12,4121.97,4172.80,4121.97,,1.06%
05/21/2021,4155.86,4168.61,4188.724151.72,-0.08%
05/24/2021,4197.05,4170.16,4209.524170.16,,0.99%
05/25/2021,4188.13,4205.944213.424182.52,-0.21%
05/26/2021,4195.99,4191.59,4202.61,4184.11,,0.19%
05/27/2021,4200.88,4201.944213.38,4197.78,,0.12%
05/28/2021,4204.11,4210.77,4218.36,4203.57,,0.08%
06/01/2021,4202.04,4216.524234.124197.59,,-0.05%
06/02/2021,4208.12,4206.824217.37,4198.27,,0.14%
06/03/2021,4192.85,4191.434204.39,4167.93,-0.36%
06/04/2021,4229.89,4206.05,4233.45,4206.05,,0.88%
06/07/2021,4226.52,4229.344232.344215.66,,-0.08%
06/08/2021,4227.26,4233.81,4236.744208.41,,0.02%
06/09/2021,4219.55,4232.99,4237.09,4218.74,-0.18%
06/10/2021,4239.18,4228.56,4249.744220.34,0.47%
06/11/2021,4247.44,4242.90,4248.38,4232.25,,0.19%
06/14/2021,4255.15,4248.31,4255.59,4234.07,,0.18%
06/15/2021,4246.59,4255.28,4257.16,4238.35,,-0.20%
06/16/2021,4223.70,4248.87,4251.89,4202.45,,-0.54%
06/17/2021,4221.86,4220.37,4232.29,4196.05,,-0.04%
06/18/2021,4166.45,4204.78,4204.78,4164.40,,-1.31%
06/21/2021,4224.79,4173.40,4226.244173.40,,1.40%
06/22/2021,4246.44,4224.61,4255.844217.27,,0.51%
06/23/2021,4241.84,4249.27,4256.60,4241.43,-0.11%
06/24/2021,4266.49,4256.97,4271.28,4256.97,,0.58%
06/25/2021,4280.70,4274.45,4286.124271.16,,0.33%
06/28/2021,4290.61,4284.90,4292.144274.67,,0.23%
06/29/2021,4291.80,4293.21,4300.524287.04,0.03%
06/30/2021,4297.50,4290.65,4302.434287.96,,0.13%
07/01/2021,4319.94,4300.734320.66,4300.73,0.52%
07/02/2021,4352.34,4326.60,4355.434326.60,,0.75%
07/06/2021,4343.54,4356.46,4356.46,4314.37,,-0.20%
07/07/2021,4358.13,4351.01,4361.88,4329.79,,0.34%
07/08/2021,4320.82,4321.07,4330.88,4289.37,,-0.86%
07/09/2021,4369.55,4329.38,4371.60,4329.38,,1.13%
07/12/2021,4384.63,4372.41,4386.68,4364.03,0.35%
07/13/2021,4369.21,4381.07,4392.37,4366.92,-0.35%
07/14/2021,4374.30,4380.11,4393.68,4362.36,,0.12%
07/15/2021,4360.03,4369.024369.024340.70,,-0.33%
07/16/2021,4327.16,4367.434375.09,4322.53,-0.75%
07/19/2021,4258.63,4296.40,4296.40,4233.13,-1.58%
07/20/2021,4323.21,4265.11,4336.844262.05,,1.52%
07/21/2021,4358.69,4331.134359.70,4331.13,0.82%
07/22/2021,4367.48,4361.27,4369.31,4350.06,,0.20%
07/23/2021,4411.80,4381.20,4415.18,4381.20,,1.01%
07/26/2021,4422.23,4409.58,4422.734405.45,,0.24%
07/27/2021,4401.46,4416.38,4416.38,4372.51,,-0.47%
07/28/2021,4400.65,4402.95,4415.47,4387.01,,-0.02%
07/29/2021,4419.15,4403.59,4429.97,4403.59,,0.42%
07/30/2021,4395.26,4395.124412.25,4389.65,,-0.54%
08/02/2021,4387.11,4406.86,4422.18,4384.81,,-0.19%
08/03/2021,4423.15,4392.744423.79,4373.00,,0.82%
08/04/2021,4402.68,4415.95,4416.17,4400.23,-0.46%
08/05/2021,4429.10,4408.86,4429.76,4408.86,,0.60%
08/06/2021,4436.52,4429.07,4440.824429.07,,0.17%
08/09/2021,4432.35,4437.77,4439.39,4424.74,-0.09%
08/10/2021,4436.75,4435.79,4445.21,4430.03,0.10%
08/11/2021,4447.70,4442.18,4449.444436.42,0.25%
08/12/2021,4460.84,4446.08,4461.77,4435.96,,0.30%
08/13/2021,4468.00,4464.844468.37,4460.82,0.16%
08/16/2021,4479.66,4461.65,4480.26,4437.66,,0.26%
08/17/2021,4448.08,4462.124462.124417.83,-0.70%
08/18/2021,4400.27,4440.944454.324397.59,,-1.07%
08/19/2021,4405.80,4382.444418.61,4367.73,0.13%
08/20/2021,4441.67,4410.56,4444.35,4406.80,,0.81%
08/23/2021,4479.54,4450.29,4489.88,4450.29,,0.85%
08/24/2021,4486.23,4484.40,4492.81,4482.28,,0.15%
08/25/2021,4496.19,4490.45,4501.71,4485.66,,0.22%
08/26/2021,4469.91,4493.75,4495.90,4468.99,,-0.58%
08/27/2021,4509.37,4474.10,4513.334474.10,,0.88%
08/30/2021,4528.79,4513.76,4537.36,4513.76,,0.43%
08/31/2021,4522.68,4529.75,4531.39,4515.80,,-0.13%
09/01/2021,4524.09,4528.80,4537.11,4522.02,0.03%
09/02/2021,4536.95,4534.48,4545.85,4524.66,,0.28%
09/03/2021,4535.43,4532.424541.45,4521.30,,-0.03%
09/07/2021,4520.03,4535.38,4535.38,4513.00,,-0.34%
09/08/2021,4514.07,4518.09,4521.79,4493.95,,-0.13%
09/09/2021,4493.28,4513.024529.90,4492.07,,-0.46%
09/10/2021,4458.58,4506.924520.47,4457.66,,-0.77%
09/13/2021,4468.73,4474.81,4492.99,4445.70,,0.23%
09/14/2021,4443.05,4479.334485.68,4435.46,,-0.57%
09/15/2021,4480.70,4447.49,4486.87,4438.37,,0.85%
09/16/2021,4473.76,4477.09,4485.87,4443.80,,-0.15%
09/17/2021,4432.99,4469.744471.524427.76,,-0.91%
09/20/2021,4357.73,4402.95,4402.95,4305.91,,-1.70%
09/21/2021,4354.18,4374.45,4394.87,4347.96,,-0.08%
09/22/2021,4395.64,4367.434416.75,4367.43,0.95%
09/23/2021,4448.98,4406.75,4465.40,4406.75,,1.21%
09/24/2021,4455.48,4438.044463.124430.27,,0.15%
09/27/2021,4443.11,4442.124457.30,4436.19,,-0.28%
09/28/2021,4352.63,4419.544419.544346.33,-2.04%
09/29/2021,4359.46,4362.41,4385.57,4355.08,,0.16%
09/30/2021,4307.54,4370.67,4382.55,4306.24,-1.19%
10/01/2021,4357.05,4317.16,4375.19,4288.52,1.15%
10/04/2021,4300.46,4348.844355.51,4278.94,-1.30%
10/05/2021,4345.72,4309.87,4369.234309.87,,1.05%
10/06/2021,4363.55,4319.57,4365.57,4290.49,,0.41%
10/07/2021,4399.76,4383.734429.97,4383.73,0.83%
10/08/2021,4391.36,4406.51,4412.024386.22,-0.19%
10/11/2021,4361.19,4385.444415.88,4360.59,,-0.69%
10/12/2021,4350.64,4368.31,4374.89,4342.09,,-0.24%
10/13/2021,4363.80,4358.01,4372.87,4329.92,0.30%
10/14/2021,4438.23,4386.75,4439.734386.75,,1.71%
10/15/2021,4471.37,4447.69,4475.824447.69,,0.75%
10/18/2021,4486.48,4463.724488.75,4447.47,,0.34%
10/19/2021,4519.63,4497.344520.40,4496.41,,0.74%
10/20/2021,4536.19,4524.424540.87,4524.40,,0.37%
10/21/2021,4549.78,4532.244551.444526.89,,0.30%
10/22/2021,4544.90,4546.124559.67,4524.00,,-0.11%
10/25/2021,4566.48,4553.69,4572.624537.36,,0.47%
10/26/2021,4574.79,4578.69,4598.534569.17,,0.18%
10/27/2021,4551.68,4580.224584.57,4551.66,,-0.51%
10/28/2021,4596.42,4562.844597.55,4562.84,0.98%
10/29/2021,4605.38,4572.87,4608.08,4567.59,,0.19%
11/01/2021,4613.67,4610.624620.344595.06,,0.18%
11/02/2021,4630.65,4613.344635.15,4613.34,0.37%
11/03/2021,4660.57,4630.65,4663.46,4621.19,,0.65%
11/04/2021,4680.06,4662.934683.00,4662.59,,0.42%
11/05/2021,4697.53,4699.26,4718.50,4681.32,0.37%
11/08/2021,4701.70,4701.48,4714.924694.39,,0.09%
11/09/2021,4685.25,4707.25,4708.534670.87,,-0.35%
11/10/2021,4646.71,4670.26,4684.85,4630.86,,-0.82%
11/11/2021,4649.27,4659.39,4664.55,4648.31,,0.06%
11/12/2021,4682.85,4655.244688.47,4650.77,,0.72%
11/15/2021,4682.81,4689.30,4697.424672.86,,0.00%
11/16/2021,4700.90,4679.424714.95,4679.42,0.39%
11/17/2021,4688.67,4701.50,4701.50,4684.41,,-0.26%
11/18/2021,4706.64,4700.724708.75,4672.78,,0.38%
11/19/2021,4697.96,4708.444717.75,4694.22,-0.18%
11/22/2021,4682.95,4712.00,4743.834682.17,,-0.32%
11/23/2021,4690.70,4678.48,4699.39,4652.66,,0.17%
11/24/2021,4701.46,4675.78,4702.87,4659.89,,0.23%
11/26/2021,4594.62,4664.634664.634585.43,-2.27%
11/29/2021,4655.27,4628.75,4672.95,4625.26,,1.32%
11/30/2021,4567.00,4640.25,4646.024560.00,,-1.90%
12/01/2021,4513.04,4602.824652.944510.27,,-1.18%
12/02/2021,4577.10,4504.734595.46,4504.73,1.42%
12/03/2021,4538.43,4589.49,4608.034495.12,-0.84%
12/06/2021,4591.67,4548.37,4612.60,4540.51,,1.17%
12/07/2021,4686.75,4631.97,4694.044631.97,,2.07%
12/08/2021,4701.21,4690.86,4705.06,4674.52,0.31%
12/09/2021,4667.45,4691.00,4695.26,4665.98,,-0.72%
12/10/2021,4712.02,4687.644713.57,4670.24,0.95%
12/13/2021,4669.15,4710.30,4710.30,4667.60,,-0.91%
12/14/2021,4634.09,4642.99,4660.47,4606.52,-0.75%
12/15/2021,4709.84,4636.46,4712.60,4611.22,1.63%
12/16/2021,4668.67,4719.134731.99,4651.89,,-0.87%
12/17/2021,4620.64,4652.50,4666.70,4600.22,-1.03%
12/20/2021,4568.02,4587.90,4587.90,4531.10,,-1.14%
12/21/2021,4649.23,4594.96,4651.144583.16,,1.78%
12/22/2021,4696.56,4650.36,4697.67,4645.53,1.02%
12/23/2021,4725.78,4703.96,4740.744703.96,,0.62%
12/27/2021,4791.19,4733.99,4791.49,4733.99,,1.38%
12/28/2021,4786.36,4795.49,4807.024780.04,-0.10%
12/29/2021,4793.06,4788.644804.06,4778.08,,0.14%
12/30/2021,4778.73,4794.234808.934775.33,-0.30%
12/31/2021,4766.18,4775.21,4786.834765.75,,-0.26%
01/03/2022,4796.56,4778.144796.644758.17,,0.64%
01/04/2022,4793.54,4804.51,4818.624774.27,,-0.06%
01/05/2022,4700.58,4787.99,4797.70,4699.44,-1.94%
01/06/2022,4696.05,4693.39,4725.01,4671.26,,-0.10%
01/07/2022,4677.02,4697.66,4707.95,4662.74,-0.41%
01/10/2022,4670.29,4655.344673.024582.24,-0.14%
01/11/2022,4713.07,4669.144714.134638.27,,0.92%
01/12/2022,4726.35,4728.59,4748.834706.71,,0.28%
01/13/2022,4659.02,4733.56,4744.134650.29,,-1.42%
01/14/2022,4662.85,4637.99,4665.134614.75,,0.08%
01/18/2022,4577.34,4632.244632.244568.70,,-1.83%
01/19/2022,4532.76,4588.034611.55,4530.20,,-0.97%
01/20/2022,4482.73,4547.35,4602.11,4477.95,,-1.10%
01/21/2022,4397.93,4471.38,4494.524395.34,-1.89%
01/24/2022,4410.13,4356.324417.35,4222.62,0.28%
01/25/2022,4356.45,4366.644411.01,4287.11,,-1.22%
01/26/2022,4349.93,4408.434453.234304.80,,-0.15%
01/27/2022,4326.50,4380.58,4428.744309.50,,-0.54%
01/28/2022,4431.85,4336.19,4432.724292.46,,2.43%
01/31/2022,4515.55,4431.79,4516.89,4414.02,1.89%
02/01/2022,4546.54,4519.57,4550.49,4483.53,0.69%
02/02/2022,4589.32,4566.39,4595.31,4544.32,0.94%
02/03/2022,4477.44,4535.41,4542.88,4470.39,,-2.44%
02/04/2022,4500.54,4482.79,4539.66,4451.50,,0.52%
02/07/2022,4483.87,4505.75,4521.86,4471.47,,-0.37%
02/08/2022,4521.54,4480.024531.324465.40,,0.84%
02/09/2022,4587.18,4547.00,4590.034547.00,,1.45%
02/10/2022,4504.06,4553.244588.924484.31,,-1.81%
02/11/2022,4418.64,4506.27,4526.334401.41,,-1.90%
02/14/2022,4401.67,4412.61,4426.224364.84,-0.38%
02/15/2022,4471.07,4429.28,4472.77,4429.28,,1.58%
02/16/2022,4475.01,4455.75,4489.55,4429.68,,0.09%
02/17/2022,4380.26,4456.06,4456.06,4373.81,,-2.12%
02/18/2022,4348.87,4384.57,4394.60,4327.22,-0.72%
02/22/2022,4304.74,4332.744362.124267.11,,-1.01%
02/23/2022,4225.50,4324.934341.51,4221.51,,-1.84%
02/24/2022,4288.70,4155.77,4294.734114.65,,1.50%
02/25/2022,4384.62,4298.38,4385.344286.83,2.24%
02/28/2022,4373.79,4354.17,4388.844315.12,-0.25%
03/01/2022,4306.26,4363.144378.45,4279.54,-1.54%
03/02/2022,4386.54,4322.56,4401.48,4322.56,,1.86%
03/03/2022,4363.49,4401.31,4416.78,4350.37,,-0.53%
03/04/2022,4328.87,4342.124342.124284.98,,-0.79%
03/07/2022,4201.09,4327.01,4327.01,4199.85,,-2.95%
03/08/2022,4170.62,4202.66,4276.944157.87,,-0.73%
03/09/2022,4277.88,4223.10,4299.40,4223.10,,2.57%
03/10/2022,4259.52,4252.55,4268.28,4209.80,,-0.43%
03/11/2022,4204.31,4279.50,4291.01,4200.49,,-1.30%
03/14/2022,4173.11,4202.75,4247.57,4161.72,-0.74%
03/15/2022,4262.45,4188.824271.05,4187.90,,2.14%
03/16/2022,4357.95,4288.144358.90,4251.99,,2.24%
03/17/2022,4411.67,4345.11,4412.67,4335.65,,1.23%
03/18/2022,4463.09,4407.344465.40,4390.57,,1.17%
03/21/2022,4461.18,4462.40,4481.75,4424.30,,-0.04%
03/22/2022,4511.61,4469.10,4522.00,4469.10,,1.13%
03/23/2022,4456.23,4493.10,4501.07,4455.81,,-1.23%
03/24/2022,4520.16,4469.98,4520.58,4465.17,,1.43%
03/25/2022,4543.04,4522.91,4546.034501.07,,0.51%
03/28/2022,4575.52,4541.09,4575.65,4517.69,,0.71%
03/29/2022,4631.60,4602.86,4637.30,4589.66,,1.23%
03/30/2022,4602.45,4624.20,4627.77,4581.32,-0.63%
03/31/2022,4530.41,4599.024603.07,4530.41,,-1.57%
04/01/2022,4545.86,4540.324548.70,4507.57,,0.34%
04/04/2022,4582.64,4547.97,4583.50,4539.21,,0.81%
04/05/2022,4525.12,4572.45,4593.45,4514.17,,-1.26%
04/06/2022,4481.15,4494.17,4503.944450.04,-0.97%
04/07/2022,4500.21,4474.65,4521.16,4450.30,,0.43%
04/08/2022,4488.28,4494.15,4520.41,4474.60,,-0.27%
04/11/2022,4412.53,4462.644464.35,4408.38,,-1.69%
04/12/2022,4397.45,4437.59,4471.00,4381.34,-0.34%
04/13/2022,4446.59,4394.30,4453.924392.70,,1.12%
04/14/2022,4392.59,4449.124460.46,4390.77,,-1.21%
04/18/2022,4391.69,4385.634410.31,4370.30,,-0.02%
04/19/2022,4462.21,4390.634471.034390.63,1.61%
04/20/2022,4459.45,4472.26,4488.29,4448.76,,-0.06%
04/21/2022,4393.66,4489.17,4512.944384.47,,-1.48%
04/22/2022,4271.78,4385.834385.834267.62,-2.77%
04/25/2022,4296.12,4255.344299.024200.82,0.57%
04/26/2022,4175.20,4278.144278.144175.04,-2.81%
04/27/2022,4183.96,4186.524240.71,4162.90,,0.21%
04/28/2022,4287.50,4222.58,4308.45,4188.63,2.47%
04/29/2022,4131.93,4253.75,4269.68,4124.28,,-3.63%
05/02/2022,4155.38,4130.61,4169.81,4062.51,,0.57%
05/03/2022,4175.48,4159.78,4200.10,4147.08,,0.48%
05/04/2022,4300.17,4181.18,4307.66,4148.91,,2.99%
05/05/2022,4152.38,4255.50,4256.39,4105.51,,-3.44%
05/06/2022,4123.34,4128.17,4157.69,4067.91,,-0.70%
05/09/2022,3991.24,4081.27,4081.27,3975.48,,-3.20%
05/10/2022,4001.05,4035.18,4068.823958.17,,0.25%
05/11/2022,3935.18,3990.08,4049.09,3928.82,-1.65%
05/12/2022,3930.08,3903.95,3964.80,3858.87,,-0.13%
05/13/2022,4023.89,3963.90,4038.88,3963.90,,2.39%
05/16/2022,4008.01,4013.024046.46,3983.99,,-0.39%
05/17/2022,4088.85,4052.00,4090.724033.93,2.02%
05/18/2022,3923.68,4051.98,4051.98,3911.91,,-4.04%
05/19/2022,3900.79,3899.00,3945.96,3876.58,,-0.58%
05/20/2022,3901.36,3927.76,3943.423810.32,0.01%
05/23/2022,3973.75,3919.423981.88,3909.04,1.86%
05/24/2022,3941.48,3942.943955.68,3875.13,-0.81%
05/25/2022,3978.73,3929.59,3999.333925.03,0.95%
05/26/2022,4057.84,3984.60,4075.143984.60,,1.99%
05/27/2022,4158.24,4077.434158.49,4077.43,2.47%
05/31/2022,4132.15,4151.09,4168.344104.88,,-0.63%
06/01/2022,4101.23,4149.78,4166.544073.85,,-0.75%
06/02/2022,4176.82,4095.41,4177.51,4074.37,,1.84%
06/03/2022,4108.54,4137.57,4142.67,4098.67,,-1.63%
06/06/2022,4121.43,4134.724168.78,4109.18,,0.31%
06/07/2022,4160.68,4096.47,4164.86,4080.19,,0.95%
06/08/2022,4115.77,4147.124160.144107.20,,-1.08%
06/09/2022,4017.82,4101.65,4119.10,4017.17,,-2.38%
06/10/2022,3900.86,3974.39,3974.39,3900.16,,-2.91%
06/13/2022,3749.63,3838.15,3838.15,3734.30,,-3.88%
06/14/2022,3735.48,3763.523778.18,3705.68,,-0.38%
06/15/2022,3789.99,3764.05,3837.56,3722.30,,1.46%
06/16/2022,3666.77,3728.18,3728.18,3639.77,,-3.25%
06/17/2022,3674.84,3665.90,3707.71,3636.87,,0.22%
06/21/2022,3764.79,3715.31,3779.65,3715.31,,2.45%
06/22/2022,3759.89,3733.89,3801.79,3717.69,,-0.13%
06/23/2022,3795.73,3774.71,3802.58,3743.52,0.95%
06/24/2022,3911.74,3821.75,3913.65,3821.75,,3.06%
06/27/2022,3900.11,3920.76,3927.723889.66,,-0.30%
06/28/2022,3821.55,3913.00,3945.86,3820.14,-2.01%
06/29/2022,3818.83,3825.09,3836.50,3799.02,-0.07%
06/30/2022,3785.38,3785.99,3818.99,3738.67,,-0.88%
07/01/2022,3825.33,3781.00,3829.823752.10,,1.06%
07/05/2022,3831.39,3792.61,3832.19,3742.06,,0.16%
07/06/2022,3845.08,3831.98,3870.91,3809.37,,0.36%
07/07/2022,3902.62,3858.85,3910.633858.85,,1.50%
07/08/2022,3899.38,3888.26,3918.50,3869.34,-0.08%
07/11/2022,3854.43,3880.943880.943847.22,-1.15%
07/12/2022,3818.80,3851.95,3873.41,3802.36,,-0.92%
07/13/2022,3801.78,3779.67,3829.443759.07,,-0.45%
07/14/2022,3790.38,3763.99,3796.41,3721.56,,-0.30%
07/15/2022,3863.16,3818.00,3863.623817.18,,1.92%
07/18/2022,3830.85,3883.79,3902.443818.63,-0.84%
07/19/2022,3936.69,3860.733939.81,3860.73,2.76%
07/20/2022,3959.90,3935.323974.133922.03,0.59%
07/21/2022,3998.95,3955.47,3999.29,3927.64,0.99%
07/22/2022,3961.63,3998.434012.443938.86,,-0.93%
07/25/2022,3966.84,3965.723975.30,3943.46,,0.13%
07/26/2022,3921.05,3953.223953.223910.74,-1.15%
07/27/2022,4023.61,3951.434039.56,3951.43,2.62%
07/28/2022,4072.43,4026.134078.95,3992.97,,1.21%
07/29/2022,4130.29,4087.334140.15,4079.22,1.42%
08/01/2022,4118.63,4112.38,4144.95,4096.02,-0.28%
08/02/2022,4091.19,4104.21,4140.47,4079.81,,-0.67%
08/03/2022,4155.17,4107.96,4167.66,4107.96,,1.56%
08/04/2022,4151.94,4154.85,4161.29,4135.42,-0.08%
08/05/2022,4145.19,4115.87,4151.58,4107.31,,-0.16%
08/08/2022,4140.06,4155.934186.624128.97,,-0.12%
08/09/2022,4122.47,4133.11,4137.30,4112.09,,-0.42%
08/10/2022,4210.24,4181.024211.034177.26,,2.13%
08/11/2022,4207.27,4227.40,4257.91,4201.41,,-0.07%
08/12/2022,4280.15,4225.024280.47,4219.78,,1.73%
08/15/2022,4297.14,4269.37,4301.79,4256.90,,0.40%
08/16/2022,4305.20,4290.46,4325.28,4277.77,,0.19%
08/17/2022,4274.04,4280.40,4302.18,4253.08,,-0.72%
08/18/2022,4283.74,4273.134292.534261.98,,0.23%
08/19/2022,4228.48,4266.31,4266.31,4218.70,,-1.29%
08/22/2022,4137.99,4195.08,4195.08,4129.86,,-2.14%
08/23/2022,4128.73,4133.09,4159.77,4124.03,-0.22%
08/24/2022,4140.77,4126.55,4156.56,4119.97,,0.29%
08/25/2022,4199.12,4153.26,4200.544147.59,,1.41%
08/26/2022,4057.66,4198.744203.044057.66,,-3.37%
08/29/2022,4030.61,4034.58,4062.99,4017.42,-0.67%
08/30/2022,3986.16,4041.25,4044.98,3965.21,,-1.10%
08/31/2022,3955.00,4000.67,4015.37,3954.53,-0.78%
09/01/2022,3966.85,3936.733970.233903.65,,0.30%
09/02/2022,3924.26,3994.66,4018.433906.21,,-1.07%
09/06/2022,3908.19,3930.89,3942.55,3886.75,,-0.41%
09/07/2022,3979.87,3909.433987.89,3906.03,1.83%
09/08/2022,4006.18,3959.944010.50,3944.81,,0.66%
09/09/2022,4067.36,4022.944076.81,4022.94,1.53%
09/12/2022,4110.41,4083.67,4119.28,4083.67,,1.06%
09/13/2022,3932.69,4037.124037.123921.28,,-4.32%
09/14/2022,3946.01,3940.733961.943912.18,,0.34%
09/15/2022,3901.35,3932.41,3959.143888.28,,-1.13%
09/16/2022,3873.33,3880.95,3880.95,3837.08,,-0.72%
09/19/2022,3899.89,3849.91,3900.45,3838.50,,0.69%
09/20/2022,3855.93,3875.233876.01,3827.54,-1.13%
09/21/2022,3789.93,3871.40,3907.07,3789.49,,-1.71%
09/22/2022,3757.99,3782.36,3790.90,3749.45,,-0.84%
09/23/2022,3693.23,3727.143727.143647.47,,-1.72%
09/26/2022,3655.04,3682.723715.67,3644.76,,-1.03%
09/27/2022,3647.29,3686.443717.533623.29,,-0.21%
09/28/2022,3719.04,3651.943736.743640.61,,1.97%
09/29/2022,3640.47,3687.01,3687.01,3610.40,,-2.11%
09/30/2022,3585.62,3633.48,3671.443584.13,-1.51%
10/03/2022,3678.43,3609.78,3698.35,3604.93,2.59%
10/04/2022,3790.93,3726.46,3791.923726.46,,3.06%
10/05/2022,3783.28,3753.25,3806.91,3722.66,,-0.20%
10/06/2022,3744.52,3771.97,3797.933739.22,-1.02%
10/07/2022,3639.66,3706.743706.743620.73,-2.80%
10/10/2022,3612.39,3647.51,3652.17,3588.10,,-0.75%
10/11/2022,3588.84,3595.86,3640.66,3568.45,,-0.65%
10/12/2022,3577.03,3590.833608.343573.86,,-0.33%
10/13/2022,3669.91,3520.37,3685.41,3491.58,,2.60%
10/14/2022,3583.07,3690.41,3712.00,3579.68,,-2.37%
10/17/2022,3677.95,3638.65,3689.733638.65,,2.65%
10/18/2022,3719.98,3746.26,3762.79,3686.53,1.14%
10/19/2022,3695.16,3703.11,3728.58,3666.51,,-0.67%
10/20/2022,3665.78,3689.05,3736.00,3656.44,-0.80%
10/21/2022,3752.75,3657.10,3757.89,3647.42,2.37%
10/24/2022,3797.34,3762.01,3810.743741.65,,1.19%
10/25/2022,3859.11,3799.443862.85,3799.44,1.63%
10/26/2022,3830.60,3825.97,3886.15,3824.07,,-0.74%
10/27/2022,3807.30,3834.69,3859.95,3803.79,,-0.61%
10/28/2022,3901.06,3808.26,3905.423808.26,,2.46%
10/31/2022,3871.98,3881.85,3893.733863.18,,-0.75%
11/01/2022,3856.10,3901.79,3911.79,3843.80,,-0.41%
11/02/2022,3759.69,3852.90,3894.443758.68,,-2.50%
11/03/2022,3719.89,3733.25,3750.59,3698.15,,-1.06%
11/04/2022,3770.55,3766.98,3796.343708.84,1.36%
11/07/2022,3806.80,3780.71,3813.95,3764.70,,0.96%
11/08/2022,3828.11,3817.023859.40,3786.28,,0.56%
11/09/2022,3748.57,3810.943818.20,3744.22,-2.08%
11/10/2022,3956.37,3859.89,3958.333859.89,,5.54%
11/11/2022,3992.93,3963.724001.48,3944.82,0.92%
11/14/2022,3957.25,3977.97,4008.97,3956.40,,-0.89%
11/15/2022,3991.73,4006.41,4028.843953.17,,0.87%
11/16/2022,3958.79,3976.823983.09,3954.34,-0.83%
11/17/2022,3946.56,3919.26,3954.333906.54,-0.31%
11/18/2022,3965.34,3966.39,3979.89,3935.98,,0.48%
11/21/2022,3949.94,3956.233962.00,3933.34,-0.39%
11/22/2022,4003.58,3965.51,4005.88,3956.88,,1.36%
11/23/2022,4027.26,4000.30,4033.78,3998.66,,0.59%
11/25/2022,4026.12,4023.344034.024020.76,,-0.03%
11/28/2022,3963.94,4005.36,4012.27,3955.77,,-1.54%
11/29/2022,3957.63,3964.19,3976.77,3937.65,,-0.16%
11/30/2022,4080.11,3957.18,4080.11,3938.58,,3.09%
12/01/2022,4076.57,4087.144100.51,4050.87,,-0.09%
12/02/2022,4071.70,4040.17,4080.48,4026.63,-0.12%
12/05/2022,3998.84,4052.024052.45,3984.49,,-1.79%
12/06/2022,3941.26,3996.634001.51,3918.39,,-1.44%
12/07/2022,3933.92,3933.28,3957.57,3922.68,,-0.19%
12/08/2022,3963.51,3947.79,3974.19,3935.83,0.75%
12/09/2022,3934.38,3954.17,3977.023933.04,-0.73%
12/12/2022,3990.56,3939.29,3990.71,3935.30,,1.43%
12/13/2022,4019.65,4069.38,4100.96,3993.03,0.73%
12/14/2022,3995.32,4015.544053.76,3965.65,,-0.61%
12/15/2022,3895.75,3958.37,3958.37,3879.45,,-2.49%
12/16/2022,3852.36,3890.91,3890.91,3827.91,,-1.11%
12/19/2022,3817.66,3853.79,3854.86,3800.04,-0.90%
12/20/2022,3821.62,3810.47,3838.243795.62,0.10%
12/21/2022,3878.44,3839.49,3889.823839.49,,1.49%
12/22/2022,3822.39,3853.26,3853.26,3764.49,,-1.45%
12/23/2022,3844.82,3815.11,3845.80,3797.01,,0.59%
12/27/2022,3829.25,3843.343846.65,3813.22,-0.40%
12/28/2022,3783.22,3829.56,3848.323780.78,,-1.20%
12/29/2022,3849.28,3805.45,3858.19,3805.45,,1.75%
12/30/2022,3839.50,3829.06,3839.85,3800.34,-0.25%
01/03/2023,3824.14,3853.29,3878.46,3794.33,-0.40%
01/04/2023,3852.97,3840.36,3873.16,3815.77,,0.75%
01/05/2023,3808.10,3839.743839.743802.42,-1.16%
01/06/2023,3895.08,3823.37,3906.19,3809.56,,2.28%
01/09/2023,3892.09,3910.823950.57,3890.42,-0.08%
01/10/2023,3919.25,3888.57,3919.833877.29,,0.70%
01/11/2023,3969.61,3932.35,3970.07,3928.54,1.28%
01/12/2023,3983.17,3977.57,3997.76,3937.56,,0.34%
01/13/2023,3999.09,3960.60,4003.95,3947.67,,0.40%
01/17/2023,3990.97,3999.28,4015.39,3984.57,,-0.20%
01/18/2023,3928.86,4002.25,4014.16,3926.59,,-1.56%
01/19/2023,3898.85,3911.843922.943885.54,-0.76%
01/20/2023,3972.61,3909.043972.96,3897.86,,1.89%
01/23/2023,4019.81,3978.144039.31,3971.64,1.19%
01/24/2023,4016.95,4001.744023.923989.79,,-0.07%
01/25/2023,4016.22,3982.71,4019.55,3949.06,,-0.02%
01/26/2023,4060.43,4036.08,4061.57,4013.29,,1.10%
01/27/2023,4070.56,4053.724094.21,4048.70,,0.25%
01/30/2023,4017.77,4049.27,4063.85,4015.55,,-1.30%
01/31/2023,4076.60,4020.85,4077.16,4020.44,1.46%
02/01/2023,4119.21,4070.07,4148.95,4037.20,,1.05%
02/02/2023,4179.76,4158.68,4195.444141.88,,1.47%
02/03/2023,4136.48,4136.69,4182.36,4123.36,,-1.04%
02/06/2023,4111.08,4119.57,4124.634093.38,,-0.61%
02/07/2023,4164.00,4105.35,4176.544088.39,,1.29%
02/08/2023,4117.86,4153.47,4156.85,4111.67,,-1.11%
02/09/2023,4081.50,4144.25,4156.234069.67,,-0.88%
02/10/2023,4090.46,4068.924094.36,4060.79,,0.22%
02/13/2023,4137.29,4096.624138.90,4092.67,,1.14%
02/14/2023,4136.13,4126.70,4159.77,4095.01,,-0.03%
02/15/2023,4147.60,4119.50,4148.11,4103.98,,0.28%
02/16/2023,4090.41,4114.75,4136.544089.49,,-1.38%
02/17/2023,4079.09,4077.39,4081.51,4047.95,,-0.28%
02/21/2023,3997.34,4052.35,4052.35,3995.19,,-2.00%
02/22/2023,3991.05,4001.834017.37,3976.90,,-0.16%
02/23/2023,4012.32,4018.60,4028.30,3969.19,,0.53%
02/24/2023,3970.04,3973.243978.25,3943.08,,-1.05%
02/27/2023,3982.24,3992.36,4018.05,3973.55,,0.31%
02/28/2023,3970.15,3977.19,3997.50,3968.98,,-0.30%
03/01/2023,3951.39,3963.343971.733939.05,,-0.47%
03/02/2023,3981.35,3938.68,3990.843928.16,,0.76%
03/03/2023,4045.64,3998.024048.29,3995.17,,1.61%
03/06/2023,4048.42,4055.15,4078.49,4044.61,,0.07%
03/07/2023,3986.37,4048.26,4050.00,3980.31,,-1.53%
03/08/2023,3992.01,3987.55,4000.41,3969.76,,0.14%
03/09/2023,3918.32,3998.66,4017.81,3908.70,,-1.85%
03/10/2023,3861.59,3912.77,3934.05,3846.32,-1.45%
03/13/2023,3855.76,3835.123905.05,3808.86,,-0.15%
03/14/2023,3920.56,3894.01,3937.29,3873.63,1.68%
03/15/2023,3891.93,3876.743894.26,3838.24,-0.73%
03/16/2023,3960.28,3878.933964.46,3864.11,,1.76%
03/17/2023,3916.64,3958.69,3958.91,3901.27,,-1.10%
03/20/2023,3951.57,3917.47,3956.623916.89,,0.89%
03/21/2023,4002.87,3975.89,4009.08,3971.19,,1.30%
03/22/2023,3936.97,4002.044039.49,3936.17,,-1.65%
03/23/2023,3948.72,3959.21,4007.66,3919.05,,0.30%
03/24/2023,3970.99,3939.21,3972.743909.16,,0.56%
03/27/2023,3977.53,3982.934003.833970.49,,0.16%
03/28/2023,3971.27,3974.133979.20,3951.53,-0.16%
03/29/2023,4027.81,3999.534030.59,3999.53,1.42%
03/30/2023,4050.83,4046.744057.85,4032.10,,0.57%
03/31/2023,4109.31,4056.18,4110.75,4056.18,,1.44%